SUBDIVISION,YEAR,JAN,FEB,MAR,APR,MAY,JUN,JUL,AUG,SEP,OCT,NOV,DEC,ANNUAL,Jan-Feb,Mar-May,Jun-Sep,Oct-Dec
COASTAL KARNATAKA,1901,1.8,0.6,10.7,52.4,81.6,960.9,991.2,606.4,108,120.5,104.9,17.8,3056.9,2.4,144.7,2666.6,243.3
COASTAL KARNATAKA,1902,3.2,0.3,4.9,10.2,54.6,698.4,1401.6,454.2,708.4,180.4,50.8,132.2,3699.2,3.5,69.7,3262.6,363.5
COASTAL KARNATAKA,1903,0.7,0,0,4.1,202.8,536.5,1405.5,593.8,304.4,185,79.3,5.3,3317.4,0.7,206.9,2840.1,269.6
COASTAL KARNATAKA,1904,2.4,0,4.8,23.7,93.2,1108.2,1070,465.6,245.3,127.2,0.7,0,3141.1,2.4,121.7,2889.1,127.9
COASTAL KARNATAKA,1905,0,0.2,0,6.4,83.1,767.3,777.3,586.9,172.9,222.2,36.1,0,2652.3,0.2,89.4,2304.3,258.4
COASTAL KARNATAKA,1906,23,0,0,0.5,29.8,593.6,1173.4,535,273.3,128.5,22.1,56.8,2836,23,30.3,2575.2,207.5
COASTAL KARNATAKA,1907,7,0,2.7,91.3,19,845.9,1166.3,1026.1,223.6,87.7,55.8,9.8,3535.2,7,113,3261.9,153.2
COASTAL KARNATAKA,1908,0,3.1,0.9,46.1,38,708.6,1904.9,766.6,128,56.8,2.5,0,3655.5,3.1,85,3508.1,59.3
COASTAL KARNATAKA,1909,4,1,3.7,6.3,200.1,943.1,1285.6,315.6,293.8,68.8,47.8,3.2,3172.9,5,210.1,2838.1,119.8
COASTAL KARNATAKA,1910,0,0,5,6.2,40.2,1042.2,589.5,651.2,441.7,177.8,67,0,3020.8,0,51.4,2724.7,244.8
COASTAL KARNATAKA,1911,0,0,0,3.2,71,749.5,830.1,538.3,110.3,160.8,41.6,17.5,2522.3,0,74.2,2228.2,219.9
COASTAL KARNATAKA,1912,1.1,0,0,30.5,64,787.6,1261.5,789.2,160.8,220.9,80.1,0.4,3395.9,1.1,94.4,2999.1,301.4
COASTAL KARNATAKA,1913,0,0.4,0.5,10.6,74.2,786.5,1048,410.7,161,339.1,1.2,4,2836.3,0.4,85.3,2406.3,344.3
COASTAL KARNATAKA,1914,0,0,0,7.2,36.9,743.2,1583.7,933.8,302.8,125.9,102.7,36.6,3872.7,0,44.1,3563.4,265.2
COASTAL KARNATAKA,1915,0.1,2.3,2,48.8,75.2,785,773.2,388.9,304,168.3,96.9,4.2,2648.7,2.3,126,2250.9,269.4
COASTAL KARNATAKA,1916,0,0,0.3,25.2,88.7,1051.4,633.5,617,587.8,208.7,255.2,0,3467.9,0,114.3,2889.7,463.9
COASTAL KARNATAKA,1917,0,29.8,7.1,10.2,52.6,1075.7,766.1,597.6,500.5,319.6,64.8,0,3424.1,29.8,70,2939.9,384.4
COASTAL KARNATAKA,1918,3.4,0.3,3.9,11.4,699.5,564.4,360.6,485.4,134.3,64.7,168.8,14.2,2510.9,3.7,714.9,1544.7,247.7
COASTAL KARNATAKA,1919,0,0,0,2.4,74.4,669.9,960.9,632.7,208.3,236.2,124,9.3,2918.1,0,76.8,2471.8,369.6
COASTAL KARNATAKA,1920,2.1,0,0.1,72.7,29.2,813.3,1107.5,464.7,133.5,129.8,36.3,0,2789.2,2.1,102,2519,166.1
COASTAL KARNATAKA,1921,13,0,3.5,62.4,18.6,699.4,871.9,841.6,327.1,128.6,41.3,0,3007.4,13,84.5,2740,170
COASTAL KARNATAKA,1922,6.5,3.1,0,44.8,123.4,763.1,1333.2,564.9,314.4,89.8,89.4,0,3332.6,9.7,168.2,2975.6,179.1
COASTAL KARNATAKA,1923,0.8,0.2,32.2,9.8,52.8,604.8,1627.2,1013.2,283.3,44.4,6.6,5.8,3681.1,1,94.7,3528.5,56.9
COASTAL KARNATAKA,1924,0,0,14.8,46,47.2,889.6,1515.4,602.7,282.7,94.4,30.8,5.2,3528.9,0,108,3290.5,130.4
COASTAL KARNATAKA,1925,0,0,17.1,20.8,176.6,1176.4,1117.2,733.7,81.5,213.2,27.7,17.2,3581.3,0,214.6,3108.7,258.1
COASTAL KARNATAKA,1926,12.3,2,0.1,7.3,15.3,686.3,976.4,850.3,258.7,143.6,4,0.1,2956.4,14.3,22.6,2771.7,147.7
COASTAL KARNATAKA,1927,0,0,0.6,21.5,80.1,683.4,1313.2,535.8,319.9,110.5,151.3,0,3216.4,0,102.2,2852.3,261.9
COASTAL KARNATAKA,1928,0.1,29.3,21.7,36.3,17.1,844.6,1108.8,836.6,107.4,316.4,12,9.3,3339.6,29.4,75,2897.4,337.7
COASTAL KARNATAKA,1929,1.9,0.2,2.5,105.6,114.7,1361.6,901.3,566.9,265.2,281.9,61.4,0.2,3663.6,2.2,222.8,3095,343.5
COASTAL KARNATAKA,1930,1.2,0.2,0,19.3,171.5,910.9,706.8,420.8,401.2,254.1,14.2,12.6,2913,1.4,190.8,2439.7,281
COASTAL KARNATAKA,1931,0,0,2.4,33.4,85.1,673.4,1244,1201.9,255.6,183.5,106.7,56.5,3842.4,0,120.9,3374.8,346.7
COASTAL KARNATAKA,1932,0,0,0,25.4,255.4,661.5,1072.4,457.2,469.9,348.7,125.6,7.3,3423.4,0,280.8,2661,481.6
COASTAL KARNATAKA,1933,0,0.1,5.4,60.6,360.3,1031.9,1326.6,481.3,502.5,292.8,42.3,35.6,4139.5,0.1,426.3,3342.4,370.7
COASTAL KARNATAKA,1934,7.4,0.6,1,16,24.4,1095.6,827.5,678.2,184.2,143.2,32.7,1,3011.8,8,41.5,2785.3,176.9
COASTAL KARNATAKA,1935,2,0,0.7,11.3,25.2,674,1168.1,425.5,312.5,245,11.9,9.9,2886,2,37.1,2580.2,266.8
COASTAL KARNATAKA,1936,0,0.9,23.3,14.7,138.7,1075.6,981.6,562.3,195.6,219.4,108.6,4.1,3324.7,0.9,176.6,2815.1,332.1
COASTAL KARNATAKA,1937,0,0,5.7,110.1,30.3,740.8,1531.7,365.7,274.1,240.8,11.8,3.2,3314.2,0,146.1,2912.3,255.8
COASTAL KARNATAKA,1938,0,0,15.5,43.3,138.2,1025.3,950.2,429.9,374,134.3,39.9,0.3,3150.9,0,197,2779.4,174.5
COASTAL KARNATAKA,1939,0,0,5.4,35.9,8.4,725.7,903.9,631.4,127.3,232.6,73.4,0.2,2744.2,0,49.7,2388.2,306.2
COASTAL KARNATAKA,1940,0.1,0,0.2,26.9,131,713.8,1155.7,1247.4,100.4,222.5,120.5,5.5,3723.9,0.1,158,3217.3,348.5
COASTAL KARNATAKA,1941,4.1,1.2,5.5,18.1,60.5,869.7,589.8,561.6,224.9,122.8,21.6,35.3,2515.1,5.3,84.1,2246,179.7
COASTAL KARNATAKA,1942,0,1.7,0.3,77.2,72.5,1104.8,1338.3,540.3,189.5,129.9,25.9,22.4,3502.6,1.7,149.9,3172.8,178.1
COASTAL KARNATAKA,1943,22.4,1.7,1.3,7.1,455.2,941.8,994.4,314.5,461.5,280.2,97,0,3577.2,24.1,463.6,2712.2,377.2
COASTAL KARNATAKA,1944,0,0.7,18.2,3.3,106.5,777.8,1204,451.2,61.6,267.6,81.9,11.8,2984.5,0.7,128,2494.5,361.3
COASTAL KARNATAKA,1945,2.6,0,0,19.7,24.5,824.7,1296.1,493.2,294.7,63.2,60.7,0,3079.3,2.6,44.1,2908.7,123.8
COASTAL KARNATAKA,1946,0,1.5,3.9,41.7,80.8,1227,1001.2,1086.6,231.5,148.9,180.6,37.7,4041.4,1.5,126.4,3546.3,367.2
COASTAL KARNATAKA,1947,1.7,9.2,13.9,45.2,18.7,630.6,1247.9,899.5,389.5,48.7,7.1,26.3,3338,10.9,77.7,3167.3,82
COASTAL KARNATAKA,1948,16.5,0,8.4,55.6,66.1,848.8,1102.9,973.2,301.3,90.6,163,0.2,3626.6,16.5,130.1,3226.2,253.7
COASTAL KARNATAKA,1949,3.3,0,1.2,12,293.1,691.6,1157.1,585.4,438,148.8,32,0,3362.4,3.3,306.3,2872.1,180.8
COASTAL KARNATAKA,1950,0,1,0.2,3.9,89.3,801.6,1506.7,456.1,716.5,136.6,54.1,0.1,3766.1,1,93.4,3481,190.8
COASTAL KARNATAKA,1951,0,0,0.9,55.4,70.7,940.2,1083.4,441.1,268.9,187.1,76.2,0.4,3124.3,0,127,2733.6,263.6
COASTAL KARNATAKA,1952,0,0.5,0,35.4,84.8,912.1,816.6,631.4,54.7,335.5,0,25.6,2896.6,0.5,120.2,2414.8,361.1
COASTAL KARNATAKA,1953,0.3,0,0,48.2,8.6,666.2,1630.1,633.6,160,313.4,2.9,0,3463.3,0.3,56.8,3089.9,316.3
COASTAL KARNATAKA,1954,0.5,0,21.6,61.1,89.8,1034.4,1357.4,688.7,421.8,133.6,0.6,12.1,3821.5,0.5,172.5,3502.2,146.2
COASTAL KARNATAKA,1955,0.3,0,4.7,29.9,360.3,962.7,639.3,702.2,458.2,361.1,31,2.8,3552.5,0.3,394.9,2762.4,394.9
COASTAL KARNATAKA,1956,0,0.8,1,78.4,412.7,1001,1155.8,520,267.6,288.5,129.9,0.7,3856.6,0.8,492.1,2944.5,419.1
COASTAL KARNATAKA,1957,0,0,1.5,8.5,168,755.8,1101.1,703.9,98,189,148.9,0.1,3174.8,0,178.1,2658.7,338
COASTAL KARNATAKA,1958,0.5,0.1,1.7,46.6,184.8,1031.4,1253.7,705.8,296.9,114.1,49.1,2.8,3687.4,0.6,233.1,3287.9,165.9
COASTAL KARNATAKA,1959,0,0,0,30.4,204.4,994.4,1727,704.1,521.6,75.3,52,21.7,4330.8,0,234.8,3947.1,148.9
COASTAL KARNATAKA,1960,0,0,8.5,40.7,393.7,790.6,1053.2,510.5,450.5,169,87.6,0,3504.2,0,442.9,2804.7,256.6
COASTAL KARNATAKA,1961,0,0,0.9,47.7,635,1013,1884.9,936.3,702.8,309.6,21,2.7,5553.9,0,683.6,4536.9,333.4
COASTAL KARNATAKA,1962,0.2,3.4,0.1,31.6,359.4,405.4,1307.9,1080.9,413.5,313.4,18.5,83.3,4017.7,3.6,391.1,3207.7,415.3
COASTAL KARNATAKA,1963,1.1,0.7,28.6,38.5,86,682.3,887.6,1013.8,181,233.7,8.2,10,3171.3,1.8,153,2764.7,251.8
COASTAL KARNATAKA,1964,0,0,2.6,5.8,23.4,631.7,864,978.1,363.9,200.2,53.1,17.6,3140.5,0,31.8,2837.8,271
COASTAL KARNATAKA,1965,2.5,0,0,9.7,39.7,797.8,1002.5,577.2,196.8,25.1,20.1,159.8,2831.1,2.5,49.4,2574.2,205
COASTAL KARNATAKA,1966,3.7,0,0.8,11.8,196,577.9,1122.4,278.3,299.6,191.9,231.5,62.8,2976.6,3.7,208.6,2278.2,486.2
COASTAL KARNATAKA,1967,2,0,0.1,18.5,86.7,658.7,1368.5,673.4,237.1,124.8,7.4,4.5,3181.8,2,105.3,2937.8,136.8
COASTAL KARNATAKA,1968,2,0,6.3,43.7,19.2,826.6,1550.5,456.3,304.9,221.4,30.1,0.1,3461,2,69.1,3138.3,251.5
COASTAL KARNATAKA,1969,0,0,1.2,44.8,49.9,704.8,1253.9,488.2,542.7,163.4,82.6,11.4,3342.9,0,95.8,2989.6,257.5
COASTAL KARNATAKA,1970,0,0,2,30.9,260.4,843.7,1259.2,1130.5,328.7,157.8,28.7,0,4042,0,293.3,3562.2,186.5
COASTAL KARNATAKA,1971,0,0.1,0.4,23.5,268.3,1113.2,1017,532.6,215.6,55.2,7,2.5,3235.2,0.1,292.2,2878.4,64.6
COASTAL KARNATAKA,1972,0,0.5,0.2,17,153.4,716.9,1068.8,522.9,131.2,201.6,38.7,5.8,2856.9,0.5,170.5,2439.8,246.1
COASTAL KARNATAKA,1973,0,0,0,15.3,83,765.5,982.1,915.9,178.5,140.7,39.6,5.4,3126,0,98.3,2842,185.7
COASTAL KARNATAKA,1974,0,0,5.5,25.8,168.1,474.7,1465.9,741.7,361.8,182.4,7.6,0,3433.5,0,199.4,3044.1,190
COASTAL KARNATAKA,1975,0.3,0,7,8,103,1327.8,1095.5,958.6,537.1,199.5,63.1,0.1,4300,0.3,118,3919.1,262.6
COASTAL KARNATAKA,1976,0,0,8.1,20.3,35.8,492.7,1187.1,644.4,346.4,50.3,138.3,10.6,2933.9,0,64.2,2670.6,199.1
COASTAL KARNATAKA,1977,0,1.9,3.3,24.7,116.1,855.7,1290.3,441.1,266.5,198.5,180.8,0,3379,1.9,144.2,2853.6,379.3
COASTAL KARNATAKA,1978,0.3,0.5,0,11.8,251.6,1212.6,1222.5,745.4,206.7,121.5,76.3,13.8,3862.9,0.8,263.4,3387.2,211.5
COASTAL KARNATAKA,1979,0.8,0.2,0.2,11.7,12.2,735.3,962.7,619.4,238.6,127.3,111.8,3.3,2823.4,1,24,2556,242.4
COASTAL KARNATAKA,1980,0,0,0.8,78.6,57.1,1193.3,1057.7,1004.7,199.5,95,71.3,4.1,3762,0,136.5,3455.2,170.3
COASTAL KARNATAKA,1981,0.7,0,1.9,17,58.1,1013.7,1049.3,1187.4,340.7,119.9,56.7,3.2,3848.6,0.7,76.9,3591,179.9
COASTAL KARNATAKA,1982,0,0.3,0.3,3.2,87.5,808.6,1258.7,1579.1,151.8,138.3,62.6,0.3,4090.9,0.3,91.1,3798.2,201.2
COASTAL KARNATAKA,1983,0,0,0,0,24.4,712.6,1160.4,1231.8,596.5,140.9,50.3,25.2,3942.2,0,24.4,3701.5,216.4
COASTAL KARNATAKA,1984,4.3,6,34.2,46.7,24,1110.2,1084.1,613.6,196.8,227.9,11.2,0.1,3359,10.3,104.9,3004.6,239.2
COASTAL KARNATAKA,1985,5.3,0,1.6,12.9,76.9,977.9,668.5,844.3,130.6,258.6,27.5,11.7,3015.7,5.3,91.4,2621.3,297.8
COASTAL KARNATAKA,1986,0.3,0.1,4.8,6.2,20.9,976.5,723.3,808.9,176.3,102.2,112.5,2.5,2934.5,0.4,32,2685,217.1
COASTAL KARNATAKA,1987,0,0,0.2,1.7,63.5,728.3,704.5,715.6,180.6,232.2,74.9,14.7,2716.2,0,65.4,2329,321.8
COASTAL KARNATAKA,1988,0,0.2,0,32,28.4,689.3,1295.8,832.6,451.9,122.7,2.4,11.3,3466.6,0.2,60.5,3269.5,136.4
COASTAL KARNATAKA,1989,0,0,8.4,22.4,53.6,982.5,914.4,829.3,234.7,138.1,31.9,0.3,3215.6,0,84.4,2960.9,170.3
COASTAL KARNATAKA,1990,1.7,0,0.1,5.2,343.2,997,1110.8,1087,265.4,215,93.6,1.5,4120.4,1.7,348.4,3460.2,310.1
COASTAL KARNATAKA,1991,0.1,0,0.3,47.7,95.9,939.9,1501.7,896.5,79.5,111.8,45.6,0.7,3719.7,0.1,143.9,3417.5,158.1
COASTAL KARNATAKA,1992,0,0,0,17.2,77,873.2,1087.5,1097.5,354.3,133.6,241.8,0,3882.2,0,94.2,3412.6,375.4
COASTAL KARNATAKA,1993,0,0.1,6.7,21.7,68.3,591.2,1397.3,742,214.3,347.4,40.8,51.5,3481.3,0.1,96.7,2944.8,439.8
COASTAL KARNATAKA,1994,3.5,0,6.3,72.9,44.1,1221.1,1748.2,907,268.1,336,28.6,0.5,4636.3,3.5,123.2,4144.4,365.2
COASTAL KARNATAKA,1995,3.7,0,0.7,21.1,137.8,535.8,1375.7,685.1,348.5,192,57.4,0,3357.8,3.7,159.6,2945,249.5
COASTAL KARNATAKA,1996,0.3,0,0.4,20.3,26.2,787,1122.6,617.9,289.3,259.5,27.5,37.8,3188.9,0.3,46.9,2816.8,324.9
COASTAL KARNATAKA,1997,0.7,0,14.9,21.5,23.1,818.6,1494.1,1146,117.1,148.5,109.8,59.2,3953.6,0.7,59.5,3575.8,317.5
COASTAL KARNATAKA,1998,0,0,1.4,6.6,72,966.4,1092,633.9,572.8,271,80.6,11.3,3707.9,0,80,3265.1,362.9
COASTAL KARNATAKA,1999,0,0.4,0.4,7.1,335.5,854.1,1525.9,518.4,186.5,338.2,12.8,0.5,3779.9,0.4,343,3084.9,351.5
COASTAL KARNATAKA,2000,14.9,0.5,0.9,25.8,216.4,966.8,915.6,741.7,279.2,174.7,12.5,2.4,3351.3,15.5,243,2903.3,189.6
COASTAL KARNATAKA,2001,0.6,0.4,0.4,71.4,156.9,930,926.9,654.4,151.8,169.7,48.6,0.6,3111.6,1,228.7,2663.1,218.9
COASTAL KARNATAKA,2002,0.6,11.2,0.5,30.9,164,764.5,545.7,731.3,163.5,360,20.7,0.3,2793.1,11.8,195.3,2205,381
COASTAL KARNATAKA,2003,0.1,3.6,8.4,37.3,10.2,973.8,970.6,637.5,236,183.7,10.7,0,3071.9,3.8,55.9,2817.9,194.4
COASTAL KARNATAKA,2004,0,0,6.3,24.7,329.2,805.8,718.1,874.5,154.4,104.7,52.1,0,3070,0.1,360.3,2552.8,156.8
COASTAL KARNATAKA,2005,0.5,0.2,0,72.5,45,821.6,1177.3,692,456.2,178.7,24.6,2.3,3470.9,0.6,117.5,3147.2,205.6
COASTAL KARNATAKA,2006,1,0,4.7,5.9,355.7,800.1,1100.8,855.6,404.1,212,97.4,0,3837.3,1,366.3,3160.6,309.4
COASTAL KARNATAKA,2007,0,0,0.6,40.2,61.1,952,1004.4,980.4,630.5,152.8,37.5,0.8,3860.2,0,101.9,3567.2,191.1
COASTAL KARNATAKA,2008,0,14.8,161.4,33.4,64.3,850.7,687.8,886.3,383.3,91.6,19.3,13.5,3206.4,14.8,259,2808.1,124.4
COASTAL KARNATAKA,2009,0.4,0,35.2,24.5,100.7,450.3,1778.9,486.1,530.7,287.4,132.4,35.4,3862,0.4,160.4,3246,455.2
COASTAL KARNATAKA,2010,14.4,0.4,3.5,62.2,80.2,682.7,1200.2,637.5,468.4,294.7,231.5,11,3686.8,14.8,145.9,2988.9,537.2
COASTAL KARNATAKA,2011,4.8,3.8,8.7,66.1,49.3,1018.4,1080.5,861.3,545.2,178.8,81.5,10.2,3908.6,8.6,124.1,3505.4,270.5
COASTAL KARNATAKA,2012,NA,11.4,5.1,77,22.9,650.9,754.6,1027.6,382,115.1,68,3.6,NA,NA,104.9,2815.1,186.7
COASTAL KARNATAKA,2013,2.4,19.6,19,28.5,100.4,1153,1515.3,680.2,379.1,265.1,56.9,10,4229.4,21.9,147.9,3727.6,332
COASTAL KARNATAKA,2014,0,0.3,1.9,40.5,181.9,507,1155.4,1121,379.3,226.4,40,30.8,3684.4,0.3,224.3,3162.6,297.2
COASTAL KARNATAKA,2015,1.4,1,32.3,72.2,150.3,735.3,930.9,575.2,260.3,208.5,124.2,14.3,3106,2.4,254.8,2501.8,347.1
NORTH INTERIOR KARNATAKA,1901,3.5,18.8,7.1,67.2,65.5,120.5,151.9,115.1,128.8,80,13.6,0.9,773,22.3,139.8,516.4,94.5
NORTH INTERIOR KARNATAKA,1902,0,0,0.3,22.5,34.4,111.3,83.2,78.1,146.7,118.8,35.7,85.1,716.1,0,57.1,419.3,239.6
NORTH INTERIOR KARNATAKA,1903,3.5,0,0.1,6.9,53.4,102.8,209.4,146.4,189.3,166.4,34.3,16,928.5,3.5,60.3,647.9,216.8
NORTH INTERIOR KARNATAKA,1904,0.2,0.3,8.5,11,46.3,120.6,91.6,48.5,165.1,86.5,0,0,578.6,0.5,65.8,425.8,86.5
NORTH INTERIOR KARNATAKA,1905,0,6,2.6,16,51.2,99.6,60.1,139.2,42.2,85,4.4,0,506.2,6,69.8,341.1,89.4
NORTH INTERIOR KARNATAKA,1906,21.3,0,0.2,2.6,30,142,120.3,182.1,116,86.2,24.3,58.9,783.8,21.3,32.7,560.4,169.4
NORTH INTERIOR KARNATAKA,1907,1.1,0,12.1,96.9,5.6,90.6,155.1,185.2,165.8,10.3,17.9,6.1,746.7,1.1,114.6,596.7,34.3
NORTH INTERIOR KARNATAKA,1908,1.3,0.3,2.4,16,20.7,62.6,154.9,86.1,232.7,16.9,1.1,0.1,595.1,1.6,39.1,536.4,18
NORTH INTERIOR KARNATAKA,1909,2.4,0.1,10.1,11.8,55.3,110.3,140.4,175.6,106.2,50,12,1.6,675.8,2.5,77.1,532.5,63.6
NORTH INTERIOR KARNATAKA,1910,0,0,4.5,2.5,28.2,78.2,127.9,195.5,186.3,104.1,32.3,0,759.4,0,35.2,587.9,136.4
NORTH INTERIOR KARNATAKA,1911,0,0,5.1,3.1,43.2,87.6,151.5,71.6,67.4,61.4,8.8,10.3,510,0,51.4,378.1,80.6
NORTH INTERIOR KARNATAKA,1912,0,12.5,0,42.6,38.2,43.7,226.2,158,104.4,104.9,28.3,0,758.7,12.5,80.8,532.3,133.1
NORTH INTERIOR KARNATAKA,1913,0,0.9,0,16.3,76.7,104,150.9,45,89.3,85.4,2.5,1.3,572.3,0.9,93,389.2,89.2
NORTH INTERIOR KARNATAKA,1914,0,0,0.6,19.5,34.2,74.4,220.9,237.1,152.1,24.9,43,18.2,824.8,0,54.2,684.5,86.1
NORTH INTERIOR KARNATAKA,1915,26.5,2.4,25.6,32.4,40.3,107.2,150.1,57.8,173.6,89.3,42.6,5.5,753.3,28.9,98.3,488.8,137.4
NORTH INTERIOR KARNATAKA,1916,0,1.2,0.2,22.7,60.1,97.4,234,82.4,190.8,197.3,201.8,0,1087.9,1.2,83,604.6,399.1
NORTH INTERIOR KARNATAKA,1917,0,21.1,22.7,11.7,20.2,117,77.8,164.2,192.6,137.2,59.4,0,823.8,21.1,54.6,551.6,196.6
NORTH INTERIOR KARNATAKA,1918,5.9,0.2,2.3,22.5,117.3,43.3,37,61.2,150.8,19.6,62.5,5.5,528,6.1,142,292.3,87.6
NORTH INTERIOR KARNATAKA,1919,10.6,0.3,0.1,13.2,64.7,124.2,72.7,41,228.5,84.3,85,2.5,727.1,10.8,78.1,466.3,171.9
NORTH INTERIOR KARNATAKA,1920,2.6,0,0,25.1,32.3,75.3,82.6,56.5,139.5,54.3,2.2,0,470.3,2.6,57.4,353.9,56.4
NORTH INTERIOR KARNATAKA,1921,0.2,0,1.2,33.6,5.4,63.5,158.2,41.7,49.4,125.3,104.5,0,582.8,0.2,40.2,312.7,229.7
NORTH INTERIOR KARNATAKA,1922,24.5,1.5,0.2,30.2,40.4,70.7,108.1,40.4,35.9,64.9,92.1,0,509,26,70.8,255.1,157
NORTH INTERIOR KARNATAKA,1923,0.2,13.2,32.9,21.4,28.2,38.2,229.4,64.4,163.1,9.4,0,2.3,602.8,13.4,82.5,495.1,11.8
NORTH INTERIOR KARNATAKA,1924,5.1,0,6,42,22,68.3,120.4,117.9,155.1,37.9,13.4,3.1,591.2,5.1,70,461.7,54.4
NORTH INTERIOR KARNATAKA,1925,0,0,7.3,34.3,79,74.1,113.7,77.5,108.7,118.7,16.6,12.9,642.6,0,120.6,373.9,148.1
NORTH INTERIOR KARNATAKA,1926,24.8,1,2.1,4.5,37.1,65.5,123,138.4,161.7,22.1,0.8,0,581,25.8,43.8,488.6,22.9
NORTH INTERIOR KARNATAKA,1927,0,1.4,4.4,9.3,34.4,123.9,161,54.3,184.7,24.7,82.7,0,680.8,1.4,48.2,523.9,107.3
NORTH INTERIOR KARNATAKA,1928,0.5,28.4,13.2,18.2,20.5,153.6,130.2,73.4,210.7,102.6,0.3,17,768.5,28.9,51.9,567.8,119.9
NORTH INTERIOR KARNATAKA,1929,2,24.9,2.7,49,37.8,105.6,67.4,33,167.2,91.3,16,1.2,598,26.9,89.5,373.2,108.5
NORTH INTERIOR KARNATAKA,1930,0,0.3,3.1,9.5,56.2,94.1,61,61.1,189.4,130.8,22.8,4.3,632.7,0.3,68.9,405.6,157.9
NORTH INTERIOR KARNATAKA,1931,0,0.1,4.5,30.6,33.1,114.1,134.9,70.1,195.1,51.7,65.6,19.4,719.2,0.1,68.2,514.2,136.7
NORTH INTERIOR KARNATAKA,1932,0,1.9,0.6,24.8,46.5,49.9,165.3,160.4,113.9,146.8,98.5,0.1,808.8,1.9,71.9,489.5,245.4
NORTH INTERIOR KARNATAKA,1933,0.1,2.8,13.6,50.1,84.1,113.2,131.6,158.9,149.4,160.7,52.3,30.4,947.3,3,147.8,553.2,243.4
NORTH INTERIOR KARNATAKA,1934,1.2,0,0.3,29.5,9.9,70.8,212.3,98.9,67.5,58.9,41.8,0,591.2,1.2,39.7,449.5,100.7
NORTH INTERIOR KARNATAKA,1935,13.9,0.4,0.1,30.1,13.1,120.8,106.8,204.3,80.5,131.7,11.5,1.7,714.9,14.3,43.3,512.4,144.9
NORTH INTERIOR KARNATAKA,1936,0,18.4,5.9,13.3,50.4,101.5,62.7,59.5,136.4,50.8,62.7,3,564.7,18.4,69.6,360.1,116.6
NORTH INTERIOR KARNATAKA,1937,0,14,12.8,63.4,16.4,54.4,124.8,36.6,109.6,113.5,0,6.9,552.4,14,92.5,325.4,120.5
NORTH INTERIOR KARNATAKA,1938,0,4.9,43.4,15.6,45.6,119,142.1,190.4,200.9,44.2,8,1,815.1,4.9,104.6,652.4,53.2
NORTH INTERIOR KARNATAKA,1939,0,0,5.5,11.1,12.9,87.9,113.2,157.8,115.8,122.1,27.6,0,653.9,0,29.5,474.7,149.7
NORTH INTERIOR KARNATAKA,1940,2,0,0.1,31,64.5,122.7,118.3,138,111.9,115.2,18.6,14.4,736.8,2,95.6,491,148.2
NORTH INTERIOR KARNATAKA,1941,10.7,3.9,7.2,11.2,24.9,64.7,106.3,80.3,164.6,52.5,0.3,9.1,535.7,14.6,43.3,415.8,61.9
NORTH INTERIOR KARNATAKA,1942,0,3.2,0.4,30.2,35.7,138.5,111.7,143.7,57.4,33.8,4.2,26.7,585.7,3.2,66.3,451.4,64.7
NORTH INTERIOR KARNATAKA,1943,6.7,0.8,3.1,31.6,117.8,115.6,128.8,71.8,200.9,174.1,28,0,879.2,7.5,152.4,517.2,202
NORTH INTERIOR KARNATAKA,1944,0,3.2,30.3,12.3,44.8,92.6,174.6,28,140.5,158.8,37.1,0,722.1,3.2,87.4,435.7,195.8
NORTH INTERIOR KARNATAKA,1945,0.3,0,0,11.2,21.3,69.7,191.9,95.7,92.8,57.6,3.5,0,544,0.3,32.5,450.1,61.1
NORTH INTERIOR KARNATAKA,1946,0,7.6,3.8,44.2,56.8,106.7,135,127.9,146.2,75.5,102,3.3,808.9,7.6,104.8,515.7,180.7
NORTH INTERIOR KARNATAKA,1947,8.6,6.7,11.1,13.9,29,102.9,175.5,217,161.3,38.4,13.4,8.6,786.3,15.2,54,656.7,60.3
NORTH INTERIOR KARNATAKA,1948,0.9,0,7.9,40.1,38.2,72.6,110.3,147.3,155.9,79,126.3,0.1,778.3,0.9,86.1,486,205.3
NORTH INTERIOR KARNATAKA,1949,0,1.5,6.4,15.2,72.9,82.5,114.1,100.5,265.4,94.1,10.7,0,763.3,1.5,94.5,562.6,104.8
NORTH INTERIOR KARNATAKA,1950,0,6.8,4,8.2,51.9,94.9,122.6,120.8,180.4,109.8,7,0,706.5,6.8,64,518.8,116.9
NORTH INTERIOR KARNATAKA,1951,0,0,4.5,17.3,63.8,117.6,179,64.8,149,101.2,10.4,0.8,708.4,0,85.6,510.4,112.4
NORTH INTERIOR KARNATAKA,1952,0,8,0.1,32.1,98.3,52.9,132,64.7,85.2,141.6,0,13.7,628.5,8,130.4,334.8,155.3
NORTH INTERIOR KARNATAKA,1953,0,0,0.1,38.9,5.8,127.8,192.4,91.6,186.2,248.3,0,0,891.2,0,44.8,598,248.4
NORTH INTERIOR KARNATAKA,1954,0,0,16.9,19.7,44.9,80.1,216.4,152.7,78.2,62.8,0.2,11.4,683.3,0,81.5,527.4,74.3
NORTH INTERIOR KARNATAKA,1955,0.1,0,10,30.7,92.4,128.7,140.7,223.3,197.2,132,12,0,967.1,0.1,133.1,690,143.9
NORTH INTERIOR KARNATAKA,1956,0,2.8,1.1,30.2,64,96.8,314.1,117.9,144.9,164.6,100.1,2.4,1039,2.8,95.3,673.7,267.1
NORTH INTERIOR KARNATAKA,1957,0,0.9,5.5,25.5,70,115.4,146.6,188.8,87.8,174.3,23.1,0,837.8,0.9,101,538.6,197.3
NORTH INTERIOR KARNATAKA,1958,2,0.2,7.3,46,100.3,55.2,174.8,179.7,71.2,83.7,31,0.5,752,2.2,153.6,480.9,115.3
NORTH INTERIOR KARNATAKA,1959,0.1,0,0.6,26.2,43.8,163.2,155.1,90.6,148.8,52.3,17.2,0.6,698.5,0.1,70.6,557.7,70.1
NORTH INTERIOR KARNATAKA,1960,0,0,14.9,17.2,79.6,86.8,96.4,29.4,313.9,32.9,20.4,0.1,691.6,0,111.6,526.5,53.4
NORTH INTERIOR KARNATAKA,1961,0.1,0.6,6.4,32.1,102.1,99.9,245.4,78.4,33.1,144.9,5.6,0,748.6,0.6,140.6,456.9,150.6
NORTH INTERIOR KARNATAKA,1962,0,5,2.9,58.8,52.5,82.1,140.1,144.7,165.7,99.3,25.4,62.4,839.1,5,114.3,532.6,187.2
NORTH INTERIOR KARNATAKA,1963,0,10.9,33.9,34.4,78.9,113.1,73.9,195.5,63,178.6,1,0,783.1,11,147.2,445.4,179.6
NORTH INTERIOR KARNATAKA,1964,0,0.8,4.3,16.9,14.6,97.6,211.7,129.2,289.1,110.8,22.4,2.4,899.8,0.8,35.8,727.6,135.6
NORTH INTERIOR KARNATAKA,1965,1.3,0,0.5,14,17.2,110.4,185.9,120,150.1,3.8,2.8,26.8,632.9,1.3,31.7,566.4,33.5
NORTH INTERIOR KARNATAKA,1966,13.4,0.3,5.5,10.6,82.9,68.9,145.5,80.7,160.6,54.8,92,8.4,723.6,13.7,98.9,455.8,155.2
NORTH INTERIOR KARNATAKA,1967,1.2,0,11.8,34.6,32.5,74.1,187.1,72.5,141.9,80,1.7,8.4,645.7,1.2,78.8,475.6,90.1
NORTH INTERIOR KARNATAKA,1968,1.9,15.8,2.7,41.2,32.2,92.4,162.3,47.6,202.5,98.5,29.9,0.3,727.3,17.7,76.1,504.8,128.7
NORTH INTERIOR KARNATAKA,1969,0,0,4.1,14.9,40.6,89.4,151.1,159.2,121.5,113.7,33.5,1.3,729.1,0,59.5,521.2,148.4
NORTH INTERIOR KARNATAKA,1970,0.4,0.2,1,31.5,76.5,80.7,131.5,199.9,173.2,95.7,0,0,790.8,0.6,109.1,585.3,95.7
NORTH INTERIOR KARNATAKA,1971,0.9,0,0.3,23.9,69.3,102.2,53.7,121,109,131.2,0.6,0,612.1,0.9,93.5,385.9,131.8
NORTH INTERIOR KARNATAKA,1972,0,2.4,1.3,19.5,45.9,79.4,100.8,40.7,126.3,47.2,34.4,1.4,499.4,2.4,66.8,347.3,83
NORTH INTERIOR KARNATAKA,1973,0,0,0.2,10.1,29.7,136.2,101.3,154,100.6,212.5,5.6,0.5,750.8,0,40,492.1,218.7
NORTH INTERIOR KARNATAKA,1974,0,0,5,23.9,83.9,93.3,98.9,92.2,242.5,176.9,0.5,0,817.3,0,112.8,527,177.5
NORTH INTERIOR KARNATAKA,1975,8.2,1.1,5.6,7.2,59.6,104.2,238.6,109.6,214.8,323.1,21.6,0.1,1093.7,9.3,72.5,667.2,344.8
NORTH INTERIOR KARNATAKA,1976,0,0,5.5,35.1,11.1,82.5,131.6,147.9,74.1,15.6,57.9,0.1,561.3,0,51.7,436.1,73.6
NORTH INTERIOR KARNATAKA,1977,0,1.2,10.7,34.8,75,170.3,144.4,135.9,70.5,134.2,72.3,0.6,849.9,1.2,120.4,521.2,207.1
NORTH INTERIOR KARNATAKA,1978,0.5,13.2,0.8,35.1,76.9,102,165.9,160.3,204.8,85.9,55.1,4.3,904.9,13.7,112.9,633,145.2
NORTH INTERIOR KARNATAKA,1979,2,13.1,2.4,7.3,60.7,141.7,125.4,168.8,291.4,54.5,95.8,0.1,963.2,15,70.5,727.3,150.4
NORTH INTERIOR KARNATAKA,1980,0.1,0,1.6,51.5,20.1,149.1,126,171.6,125.9,19.8,22.6,3.4,691.7,0.1,73.2,572.5,45.9
NORTH INTERIOR KARNATAKA,1981,6.2,0,10.3,12.1,39.6,160.8,127.5,151.9,284.3,68.3,16.1,0.1,877.3,6.2,62,724.6,84.5
NORTH INTERIOR KARNATAKA,1982,0.1,0,0.8,13.8,59.8,87.2,163.4,83.2,145.5,83.8,43.8,0,681.4,0.1,74.4,479.3,127.6
NORTH INTERIOR KARNATAKA,1983,0,0,0,0.2,24.5,167.4,135.1,169,198.1,66.5,8.3,8.7,777.9,0,24.8,669.7,83.5
NORTH INTERIOR KARNATAKA,1984,0.4,3.9,6.2,14.3,8,64.1,217.4,62.1,127.1,113.5,1.1,0.1,618.1,4.3,28.5,470.7,114.6
NORTH INTERIOR KARNATAKA,1985,2.9,0,6.8,20.8,34.1,86.6,109.7,67.7,75.8,94.7,1.4,0.6,501.2,2.9,61.8,339.8,96.8
NORTH INTERIOR KARNATAKA,1986,11,7.4,1.4,23.2,38.1,124.9,76.1,129,114.1,29.5,60.4,5.3,620.4,18.4,62.8,444.1,95.2
NORTH INTERIOR KARNATAKA,1987,0.4,0.9,0.5,2,44.9,124,83.1,166.6,109.3,119.7,68.9,26.8,747.4,1.4,47.5,483.1,215.5
NORTH INTERIOR KARNATAKA,1988,1.3,1.6,1.5,38.3,34.5,77.2,170.6,219.5,214.2,16.1,2,18.8,795.4,2.9,74.3,681.4,36.9
NORTH INTERIOR KARNATAKA,1989,0,0,21.6,10.7,28.5,102,199.6,64.1,203.3,23.3,8.9,14.1,676.2,0,60.8,569,46.3
NORTH INTERIOR KARNATAKA,1990,4.8,0,0.1,7.8,127.3,129.7,96.2,170,64.2,95.6,23.3,0,719,4.8,135.1,460.1,119
NORTH INTERIOR KARNATAKA,1991,0.2,0,1.3,47.3,59.8,235.7,155.6,94,67.6,49.6,8.9,0,720,0.2,108.4,552.9,58.5
NORTH INTERIOR KARNATAKA,1992,0,0,0,12.7,48.1,108,100,121,85.1,68,125.4,0,668.3,0,60.9,414.1,193.3
NORTH INTERIOR KARNATAKA,1993,0,0.1,6.5,11.4,37.6,69.3,134.9,128.1,94.8,201.9,10.8,36.4,731.8,0.1,55.5,427.1,249.1
NORTH INTERIOR KARNATAKA,1994,4.2,0.3,0.2,35.3,16.8,101.8,146,95.9,38.1,200.3,4.2,0,643,4.5,52.3,381.7,204.5
NORTH INTERIOR KARNATAKA,1995,28.3,0.1,5.4,11.8,33.1,75.5,140.9,95.9,104.3,148.9,18.2,0,662.3,28.4,50.3,416.5,167.1
NORTH INTERIOR KARNATAKA,1996,0,0,0.5,20.5,25.1,138.5,98.2,165.2,199.5,154.2,7.5,2.6,811.8,0,46.1,601.4,164.3
NORTH INTERIOR KARNATAKA,1997,4.3,0,14.8,22.6,17.5,213,272.8,290.1,76.9,85.3,64.6,33.8,1095.6,4.3,54.9,852.7,183.7
NORTH INTERIOR KARNATAKA,1998,0,0,0.4,6.1,32.7,107.8,140.4,155.4,223.1,172.7,13.9,0.1,852.5,0,39.2,626.7,186.6
NORTH INTERIOR KARNATAKA,1999,0,3.4,0.6,3.9,89,93.2,130.5,89.5,97.5,152.9,0.3,0,660.8,3.4,93.5,410.7,153.2
NORTH INTERIOR KARNATAKA,2000,0.4,2.6,0.1,8.4,49,107.5,127.1,164.6,134.4,115.1,2.8,0.5,712.4,3,57.4,533.6,118.3
NORTH INTERIOR KARNATAKA,2001,2.1,0,0.1,22.1,13.3,60.9,62.1,108.8,187.1,137.5,2.5,1.4,598,2.1,35.5,418.9,141.4
NORTH INTERIOR KARNATAKA,2002,3.8,7.9,0.3,14.7,40.6,108.2,54.7,118.2,52.2,126.4,3.4,0,530.5,11.7,55.6,333.4,129.9
NORTH INTERIOR KARNATAKA,2003,0.3,1.5,15.2,24.9,3.5,66.9,94.4,104,64.3,92.1,4.2,2.2,473.5,1.8,43.6,329.7,98.4
NORTH INTERIOR KARNATAKA,2004,2.6,2.7,1.6,29.9,93.8,106.1,111.7,92.8,134.6,61.6,4.3,0.2,641.9,5.3,125.3,445.2,66.1
NORTH INTERIOR KARNATAKA,2005,5.8,0.8,5.5,52.5,34.5,98.7,219.4,123.3,159.7,102.3,5,0.1,807.5,6.6,92.6,601,107.4
NORTH INTERIOR KARNATAKA,2006,0,0,16.8,12.1,79,130.2,113.9,89.1,136.8,43.6,29,0,650.6,0,107.9,470,72.6
NORTH INTERIOR KARNATAKA,2007,11.7,6.8,7.7,27,38.9,215.5,117.2,143.4,205.4,40.5,13.5,9.2,836.9,18.5,73.7,681.5,63.2
NORTH INTERIOR KARNATAKA,2008,0.4,9.2,109.2,22.8,29.2,71.6,80.6,147.7,152.5,54.1,29.8,5.3,712.4,9.6,161.3,452.3,89.2
NORTH INTERIOR KARNATAKA,2009,0.3,0,9.9,17.4,63.1,112,134.9,135.4,215.6,168.6,42.3,13.9,913.5,0.3,90.4,597.9,224.9
NORTH INTERIOR KARNATAKA,2010,9.6,2.5,0.5,15.5,39.5,110.1,193.5,207.5,119.2,82.1,71.9,1.2,853.2,12.1,55.6,630.4,155.2
NORTH INTERIOR KARNATAKA,2011,0.5,7.2,7.2,41.2,46.8,101.3,150.8,152,69,73.4,5.7,0,655.2,7.7,95.2,473.1,79.2
NORTH INTERIOR KARNATAKA,2012,28.5,6.2,0.4,35.4,19.5,60,114.5,105.5,79.2,85.2,46.5,2.9,583.8,34.7,55.3,359.3,134.5
NORTH INTERIOR KARNATAKA,2013,1.2,6.1,3,25.4,47.4,99.4,160.7,73.9,201,101,4.2,0.1,723.2,7.3,75.7,534.9,105.2
NORTH INTERIOR KARNATAKA,2014,0,6.1,29.2,26.4,93,50.4,136.8,205.2,90.2,80.3,25,14.1,756.8,6.1,148.7,482.5,119.5
NORTH INTERIOR KARNATAKA,2015,2.4,0,27.5,50.8,45.3,89.6,38.5,78.4,150.8,61.2,5.7,1.7,551.9,2.4,123.6,357.2,68.6
SOUTH INTERIOR KARNATAKA,1901,4.9,31.8,3,32.7,109.6,106,210,109.2,140.8,170.1,72.5,12.3,1003,36.8,145.4,566,254.9
SOUTH INTERIOR KARNATAKA,1902,1.9,0.5,6.7,42.6,97.7,91.7,210,82.1,138.4,219.1,44.6,84.9,1020.1,2.4,147,522.3,348.5
SOUTH INTERIOR KARNATAKA,1903,0.3,0,1.1,11.6,125.1,129.7,284.4,155.7,197.1,154.2,186.6,24.1,1269.9,0.3,137.7,766.9,364.9
SOUTH INTERIOR KARNATAKA,1904,1,0.5,5.2,43.5,144.7,167.9,197.1,73.2,89.6,120.4,2.5,0.3,845.8,1.5,193.3,527.8,123.2
SOUTH INTERIOR KARNATAKA,1905,1.7,7.9,14.2,23.6,118.6,95.9,148.4,140.6,43.1,142.8,22.4,0.3,759.4,9.5,156.5,427.9,165.5
SOUTH INTERIOR KARNATAKA,1906,14.1,1.5,2.2,4.8,46.1,116.4,211.3,256.3,109.5,173.4,16.5,52.6,1004.5,15.6,53.1,693.5,242.4
SOUTH INTERIOR KARNATAKA,1907,4.5,0,11.7,84.7,46.5,137.4,231.5,219.4,146.5,52.6,49.5,14.1,998.5,4.5,142.9,734.9,116.3
SOUTH INTERIOR KARNATAKA,1908,8.3,2.4,9.3,44.4,92.5,92.2,263.6,118.1,88,69.6,1.2,0.5,790.2,10.7,146.2,561.9,71.3
SOUTH INTERIOR KARNATAKA,1909,19.8,1.2,6.7,42.1,166.6,138.9,245.5,190.5,109,121.5,35.8,9.7,1087.4,21,215.4,684,167.1
SOUTH INTERIOR KARNATAKA,1910,0,1.1,7.5,27,89.8,124.9,254.1,232.6,123.5,219.6,77,0,1157.3,1.1,124.4,735.1,296.7
SOUTH INTERIOR KARNATAKA,1911,0.8,0.1,5.2,28.8,123.2,174.8,225.7,84,63.3,156.7,35.8,7.9,906.3,0.9,157.2,547.8,200.5
SOUTH INTERIOR KARNATAKA,1912,0.8,4.6,2.7,41.7,70.1,133,291.9,181.3,176.1,190,57.6,0.1,1150.2,5.4,114.6,782.4,247.7
SOUTH INTERIOR KARNATAKA,1913,0,0.1,1,22.3,93.4,124.5,257.5,88.4,151,133.6,1.4,3.1,876.4,0.1,116.8,621.4,138.1
SOUTH INTERIOR KARNATAKA,1914,0,0.6,1.7,16,62.6,69.6,309.7,153.3,107.9,115.3,64,26,926.7,0.6,80.3,640.4,205.3
SOUTH INTERIOR KARNATAKA,1915,9.7,2.6,31.6,43.9,66.5,222.9,184.2,75.7,185,106.7,93.4,9.5,1031.9,12.4,142,667.8,209.6
SOUTH INTERIOR KARNATAKA,1916,0,0.1,0.2,23.9,146.3,184,188.5,204.7,145.5,178.4,151.6,7.4,1230.7,0.1,170.4,722.8,337.4
SOUTH INTERIOR KARNATAKA,1917,0.3,37.2,15.9,18.4,51.8,163.8,104.4,171.2,275.6,160,94.7,1,1094.3,37.5,86.1,715,255.7
SOUTH INTERIOR KARNATAKA,1918,11.1,0.7,13.9,41,110.1,69.2,47.5,102.7,98.7,47,182.6,8.9,733.3,11.7,165,318.1,238.5
SOUTH INTERIOR KARNATAKA,1919,4.8,0,7.7,27.1,99.8,152.7,166.9,108.4,225,81.9,132.3,4.7,1011.4,4.8,134.6,653,218.9
SOUTH INTERIOR KARNATAKA,1920,8.4,0.4,1.7,42.8,58.6,125.1,241.2,92.1,128.1,101.9,28.4,0.1,828.9,8.8,103.2,586.6,130.3
SOUTH INTERIOR KARNATAKA,1921,15.4,0,2.9,84.6,47.2,114.9,217.8,169.5,77.5,167.6,88.7,0,986.1,15.4,134.7,579.7,256.3
SOUTH INTERIOR KARNATAKA,1922,16.1,1.2,0.3,33.1,109.9,99.5,186.3,114.3,53.4,151.8,129,2.2,897.1,17.2,143.3,453.5,283.1
SOUTH INTERIOR KARNATAKA,1923,3.7,3.9,27.2,31.8,73.8,84.3,408.1,207.7,100.3,40,6.7,2.9,990.5,7.6,132.8,800.4,49.6
SOUTH INTERIOR KARNATAKA,1924,0.9,0.1,5.8,38.7,96,125.7,460.9,146.7,135.1,58.4,47.1,11.7,1127,1,140.5,868.3,117.2
SOUTH INTERIOR KARNATAKA,1925,0,0.1,8.4,63,116.5,143.2,221.3,132.6,115.3,65.8,69.4,46.8,982.2,0.1,187.9,612.4,181.9
SOUTH INTERIOR KARNATAKA,1926,23,0.4,7.1,37.5,64.1,89.6,234.3,174.2,168.3,89.7,7.6,1.2,897,23.4,108.7,666.4,98.5
SOUTH INTERIOR KARNATAKA,1927,0.1,2.5,5.2,11.2,82.5,114.3,249.1,118.5,186.8,19.4,74.2,0,863.7,2.5,98.9,668.7,93.5
SOUTH INTERIOR KARNATAKA,1928,0.6,44.3,24,43.4,66.1,112.1,189.1,161.7,37.8,229.7,28.9,12.7,950.5,44.9,133.5,500.8,271.3
SOUTH INTERIOR KARNATAKA,1929,4.7,13.7,1.9,127.7,101.3,149.7,178.6,88.8,186,100.9,76.5,5.2,1034.9,18.4,230.9,603.1,182.5
SOUTH INTERIOR KARNATAKA,1930,5.2,6.6,10.8,27,156.8,126.9,117.2,85.5,150.5,253.9,40.9,12.1,993.3,11.8,194.5,480.1,306.9
SOUTH INTERIOR KARNATAKA,1931,0,0,3,45.7,81.7,116.8,188.2,246,144.6,42.7,117.5,26.3,1012.6,0,130.4,695.7,186.5
SOUTH INTERIOR KARNATAKA,1932,0,10.4,0.5,35.8,155.8,72.4,262.9,264.3,117.1,227,122.4,1.6,1270.1,10.4,192,716.6,351
SOUTH INTERIOR KARNATAKA,1933,0,2.9,10.5,43.8,176,139.9,216.8,241.6,195.1,236.6,19.2,46.6,1329.2,2.9,230.3,793.4,302.5
SOUTH INTERIOR KARNATAKA,1934,5.9,0.4,1.1,40.9,52.6,149.4,158.7,137.5,27.7,173.5,38.3,0.3,786.3,6.3,94.6,473.3,212.1
SOUTH INTERIOR KARNATAKA,1935,6.2,1.2,5.2,48.6,52.6,121.9,211,197.1,105.2,191.6,6.8,7.3,954.5,7.4,106.3,635.2,205.6
SOUTH INTERIOR KARNATAKA,1936,0,6.2,34.7,15.7,102.1,185.2,156.2,111.6,176.1,89.5,76.5,4.5,958.4,6.3,152.5,629.2,170.5
SOUTH INTERIOR KARNATAKA,1937,0.1,9.8,14.6,90.8,81.6,99.6,232.7,78,121.7,147,25.5,9.7,911.2,9.9,187,532,182.2
SOUTH INTERIOR KARNATAKA,1938,0,3.9,17.4,40.7,45.8,144.4,153.8,237.6,178.7,30.6,15.9,2.6,871.4,3.9,103.9,714.6,49.1
SOUTH INTERIOR KARNATAKA,1939,3.5,0,13.1,70.5,49.6,92.1,184.7,198.1,114.7,226.6,71.6,0,1024.6,3.5,133.2,589.6,298.1
SOUTH INTERIOR KARNATAKA,1940,0,0.1,0.7,60.1,138.3,177.6,203.4,188.7,80.7,174.9,139.7,15.8,1180,0.2,199.1,650.4,330.4
SOUTH INTERIOR KARNATAKA,1941,1.2,2.3,2.3,43.8,73.8,154.9,186.5,154.9,129.8,108.4,19.5,60.2,937.6,3.4,119.9,626.2,188.1
SOUTH INTERIOR KARNATAKA,1942,0.1,2,0.5,45,91,164.1,247.5,145.9,77.3,109,26.7,23.7,932.9,2.1,136.4,634.8,159.5
SOUTH INTERIOR KARNATAKA,1943,24.4,0.9,3.7,48.3,189.9,88.5,243.1,67.5,137,283,50.8,0,1137.1,25.3,241.9,536,333.9
SOUTH INTERIOR KARNATAKA,1944,0.2,24.3,37,21.7,98.5,100,275.1,82,127.2,178.5,74.4,6.7,1025.7,24.5,157.3,584.3,259.6
SOUTH INTERIOR KARNATAKA,1945,0.4,1.2,0.3,54.9,93.3,79.9,260.9,109.9,72.6,85.2,33.7,0.1,792.3,1.6,148.4,523.3,119
SOUTH INTERIOR KARNATAKA,1946,0.1,2.4,14.8,62.5,86.9,146.8,201.5,255.9,168.1,112.9,150.3,42.9,1245,2.5,164.2,772.2,306.1
SOUTH INTERIOR KARNATAKA,1947,8.1,5.9,10,22.4,53.2,83.5,238.9,236.2,139.7,127.6,15.2,17.6,958.3,14,85.6,698.3,160.5
SOUTH INTERIOR KARNATAKA,1948,4,0.1,3.2,70.7,153.9,135.6,188.6,255.6,61.1,117.7,81.5,2.1,1074.1,4,227.8,641,201.3
SOUTH INTERIOR KARNATAKA,1949,0.1,0.1,3.8,32.1,103.6,82.4,179.5,165.2,107.8,188.3,13.6,0,876.4,0.2,139.4,534.9,201.9
SOUTH INTERIOR KARNATAKA,1950,0.1,13.3,0.8,6.5,61.3,91.2,268.8,148.7,154.5,133.7,77.1,0.4,956.5,13.4,68.7,663.3,211.2
SOUTH INTERIOR KARNATAKA,1951,0.2,0,13,60.9,135.2,111.7,205.7,89.4,177.9,98,33.3,0,925.3,0.2,209.1,584.7,131.3
SOUTH INTERIOR KARNATAKA,1952,0.3,10.7,0.6,40,76.8,106.8,176.2,156.2,66.7,188.6,0.7,48.2,871.8,11,117.5,505.8,237.5
SOUTH INTERIOR KARNATAKA,1953,0.5,2.2,0.7,71,34.4,163.7,368.5,191.5,113,307.4,2.6,0.5,1255.9,2.6,106.1,836.8,310.4
SOUTH INTERIOR KARNATAKA,1954,1.8,0.5,8.9,38.5,127.2,139.3,298.5,175.6,56.9,164.8,0.5,18.6,1031.1,2.3,174.5,670.3,183.9
SOUTH INTERIOR KARNATAKA,1955,0.9,0.1,10.4,48.7,168.2,135.9,88.9,151.6,201.2,175.1,18.1,2.9,1002,1,227.4,577.5,196.1
SOUTH INTERIOR KARNATAKA,1956,0.4,1.4,2.5,68.5,62.5,209.6,251.3,137.1,120.1,265,124,1.2,1243.7,1.8,133.5,718.1,390.3
SOUTH INTERIOR KARNATAKA,1957,0,0.5,9.4,18.6,169,174.9,242.6,147.2,47,177.6,77.9,0.1,1064.7,0.5,196.9,611.6,255.6
SOUTH INTERIOR KARNATAKA,1958,3.3,1.3,13.1,60.6,134.5,163.2,340.2,201.7,123.1,108.7,59.6,0.6,1210,4.6,208.2,828.2,168.9
SOUTH INTERIOR KARNATAKA,1959,0.2,2.5,0.3,25.2,89.8,255.8,425.6,172.2,218.2,55.4,29.3,6.3,1280.9,2.7,115.3,1071.8,91.1
SOUTH INTERIOR KARNATAKA,1960,0.3,0,15.3,42.4,92.6,119.8,254.3,124.4,162.7,112.8,65.3,0.2,989.9,0.3,150.2,661.2,178.2
SOUTH INTERIOR KARNATAKA,1961,2.1,3.4,2.6,62.5,161.6,196.2,492.7,213.5,93.8,165.4,14.3,1.4,1409.5,5.5,226.7,996.2,181.1
SOUTH INTERIOR KARNATAKA,1962,1.4,6.9,5.5,81.3,118.5,66.1,310.4,268.5,149.1,203.7,29.6,65.9,1307.2,8.3,205.4,794.2,299.3
SOUTH INTERIOR KARNATAKA,1963,1.2,2.8,13,51.6,78.1,108.5,197.5,232.5,92.6,193.8,9,12.3,992.8,3.9,142.7,631.1,215.1
SOUTH INTERIOR KARNATAKA,1964,0,0.1,0.7,23.6,51,122.2,280,305.4,182.7,121.5,78.4,3.8,1169.4,0.1,75.2,890.3,203.7
SOUTH INTERIOR KARNATAKA,1965,1,0.2,4.6,24.6,42,129.8,245.2,141.1,81.4,17.7,25.8,21.7,735.2,1.2,71.3,597.5,65.1
SOUTH INTERIOR KARNATAKA,1966,4.2,0.9,2.5,24.7,90.9,82.3,256.1,91,188.5,132.8,123.2,13.8,1010.9,5.2,118.1,617.8,269.8
SOUTH INTERIOR KARNATAKA,1967,5.7,0,4.7,25.7,77.8,136.3,350.4,157.3,57.8,96.2,12.3,16,940.3,5.7,108.3,701.8,124.6
SOUTH INTERIOR KARNATAKA,1968,0,8,8.5,47.5,71.8,120.6,284.1,124.7,209.7,99.3,23.4,3.4,1001,8,127.8,739.2,126
SOUTH INTERIOR KARNATAKA,1969,0,0,2.3,37.8,101.9,100.8,289.5,216.3,104,174.8,51.4,27.7,1106.5,0,142,710.6,253.9
SOUTH INTERIOR KARNATAKA,1970,1.4,5.4,4.3,49.5,129.6,99.5,210.1,206.4,129,217.6,20.9,0.2,1073.8,6.7,183.4,645,238.7
SOUTH INTERIOR KARNATAKA,1971,2,5.3,2.7,37.9,100.5,204.5,174.9,180.7,161.7,122.3,17.4,10.3,1020.2,7.3,141.1,721.7,150
SOUTH INTERIOR KARNATAKA,1972,0,1.1,0.1,26.9,190.5,153.6,214.6,97.6,176.2,135.7,26.3,41.5,1064,1.1,217.5,642,203.5
SOUTH INTERIOR KARNATAKA,1973,0,0,0.2,21.8,102.4,214.9,232.7,220.8,118,140.5,26.5,8.7,1086.6,0,124.4,786.5,175.7
SOUTH INTERIOR KARNATAKA,1974,0.1,0,4.3,34.5,113.2,71,281.8,166.7,235,138.2,6.6,0,1051.5,0.1,152,754.5,144.9
SOUTH INTERIOR KARNATAKA,1975,4.1,3.2,15.5,21,93,224.8,260.6,252.8,224,157.7,76.3,1.3,1334.3,7.3,129.4,962.2,235.3
SOUTH INTERIOR KARNATAKA,1976,0,0.1,2.6,66.9,25.9,64,203.7,148.3,87.2,54.4,106.5,1.7,761.2,0.1,95.3,503.1,162.6
SOUTH INTERIOR KARNATAKA,1977,0,1.3,13.8,51.2,136.8,168.5,227.7,134.5,166.5,224.6,82.8,0.1,1207.8,1.3,201.8,697.1,307.4
SOUTH INTERIOR KARNATAKA,1978,0.5,7,2.6,40.1,104.5,188.1,281.8,231.2,156.8,107.1,81,30.8,1231.6,7.5,147.3,857.9,219
SOUTH INTERIOR KARNATAKA,1979,0.3,29.2,4.1,31.3,49,192.8,189.3,207.9,219.6,81.9,113.9,1.4,1120.8,29.5,84.4,809.6,197.2
SOUTH INTERIOR KARNATAKA,1980,0,0,7.2,79.1,99,228,287.7,179.6,161.8,99.6,81.1,1.9,1225,0,185.2,857.1,182.7
SOUTH INTERIOR KARNATAKA,1981,1.8,0.1,19.6,25.5,94.9,136.3,189.4,299.8,254.6,123.2,32.8,6.5,1184.6,1.9,140,880.2,162.5
SOUTH INTERIOR KARNATAKA,1982,0.1,0,2,18.3,99.2,151.1,217,240.8,126.9,97.1,50.8,0.2,1003.5,0.1,119.5,735.8,148.1
SOUTH INTERIOR KARNATAKA,1983,0,0,0.9,5.1,77,215.3,206.6,262.5,185.9,97.8,21.1,38.9,1111.2,0,83,870.3,157.8
SOUTH INTERIOR KARNATAKA,1984,2.1,7.9,75.4,39,44.7,196.2,256.8,122.3,167.1,142.3,5.7,4.4,1063.9,10,159.1,742.4,152.4
SOUTH INTERIOR KARNATAKA,1985,4.1,0.1,13.8,42.1,52.8,193.3,138.7,172.3,139.7,67.4,29.3,5.8,859.3,4.2,108.6,644,102.5
SOUTH INTERIOR KARNATAKA,1986,13.9,9.2,3.9,26.2,51.7,210,149.9,208.2,175.3,79.4,94.1,8.4,1030.2,23.1,81.8,743.4,181.8
SOUTH INTERIOR KARNATAKA,1987,0.3,0,4.5,9.2,64.2,135.7,114.9,151.7,139.9,205.4,76.9,31.9,934.7,0.3,77.9,542.3,314.2
SOUTH INTERIOR KARNATAKA,1988,0.2,2.9,11.9,71.4,84.9,68,276,251.3,199.2,30.6,5.9,19.9,1022.2,3.1,168.2,794.6,56.4
SOUTH INTERIOR KARNATAKA,1989,0,0.1,12.5,24,53.3,145,286.3,135,149.4,86.9,15.7,5.2,913.5,0.1,89.8,715.7,107.9
SOUTH INTERIOR KARNATAKA,1990,4,0.1,5,15.2,115.1,130.1,148.5,193.8,59,128.5,47,2.2,848.5,4.2,135.3,531.3,177.7
SOUTH INTERIOR KARNATAKA,1991,1,0.1,2.6,64.2,108.6,248.9,261.9,165.5,115.8,192.5,60,0.1,1221.2,1.1,175.3,792.2,252.6
SOUTH INTERIOR KARNATAKA,1992,0.2,0.3,0,28.6,78.9,269.4,202.1,215.9,145.5,113.5,146.5,0.2,1201,0.4,107.5,832.9,260.2
SOUTH INTERIOR KARNATAKA,1993,0,0.5,6.2,22.9,66.4,149,204.7,189.9,105.3,234.5,25,33.7,1038.1,0.5,95.5,648.9,293.2
SOUTH INTERIOR KARNATAKA,1994,11.7,2.4,3.9,54.6,70.9,184.9,336.4,132.6,96.4,238.6,24.8,0.5,1157.8,14.1,129.4,750.4,263.9
SOUTH INTERIOR KARNATAKA,1995,4.2,0.2,3.5,32.1,70.9,79.6,248.4,179.8,135.6,98.8,30.1,0,883.2,4.4,106.5,643.4,128.9
SOUTH INTERIOR KARNATAKA,1996,1.1,0.2,1.5,49.8,52.8,204.4,187.3,187.4,188.3,132.9,10.9,27.5,1044,1.3,104,767.5,171.2
SOUTH INTERIOR KARNATAKA,1997,4.9,0.1,26.2,26,45.3,178.9,251.7,246.8,108.4,134.4,123.8,33.6,1180,4.9,97.5,785.8,291.8
SOUTH INTERIOR KARNATAKA,1998,0,0,3.5,31.6,47,155.6,278.4,205.5,175.8,148.9,55,11.7,1113.3,0.1,82.2,815.4,215.7
SOUTH INTERIOR KARNATAKA,1999,0.1,4.6,1.5,42.2,131.2,129.5,289.6,138.8,108,271.9,28.8,3.5,1149.6,4.7,174.9,665.9,304.2
SOUTH INTERIOR KARNATAKA,2000,1.4,15.5,0.3,46.3,59.3,167.5,200.5,300.6,183.5,206.2,14.1,12.1,1207.2,16.9,105.9,852.1,232.3
SOUTH INTERIOR KARNATAKA,2001,0.5,1.1,1.7,90.6,30.4,127.2,168.2,152,189.9,122.7,40,2.1,926.3,1.6,122.7,637.2,164.8
SOUTH INTERIOR KARNATAKA,2002,2,11.4,2.3,20.6,77.2,131.9,92.6,155.1,74.9,168.4,18.8,0.6,755.8,13.4,100,454.5,187.8
SOUTH INTERIOR KARNATAKA,2003,0.1,4.2,20.1,36.4,9.6,118.2,162.5,152.2,51.9,192.4,11.5,3.6,762.8,4.3,66.1,484.9,207.4
SOUTH INTERIOR KARNATAKA,2004,9.1,12.8,16.4,62.2,180.2,196.6,191.7,211.1,117.5,101.5,24,10.4,1133.4,21.9,258.7,716.8,136
SOUTH INTERIOR KARNATAKA,2005,7.2,3.9,3.2,76,74.7,138.7,333.5,233.2,145.5,241.8,56.3,5.3,1319.3,11.1,153.8,851,303.5
SOUTH INTERIOR KARNATAKA,2006,0.2,0.1,35.4,24.7,127.1,183.7,226.7,172.9,112,61.7,84.9,1.1,1030.5,0.3,187.2,695.3,147.7
SOUTH INTERIOR KARNATAKA,2007,0.1,0.3,0.9,39.8,76.7,216.7,267.2,245.5,198.5,152.5,18.2,14.6,1231,0.4,117.5,927.9,185.3
SOUTH INTERIOR KARNATAKA,2008,0.8,20.7,108.9,24.9,66.3,149.8,203.4,269.8,141.4,117.1,32.3,5.2,1140.6,21.5,200.1,764.4,154.6
SOUTH INTERIOR KARNATAKA,2009,0.1,0.1,27.3,25.4,101.3,101.6,324.7,153.2,247.9,98.2,55.7,22.9,1158.4,0.2,153.9,827.5,176.8
SOUTH INTERIOR KARNATAKA,2010,7.9,1.7,5.6,71.1,94.9,129.1,235.1,228.1,150.7,129.6,183.5,2.5,1239.7,9.5,171.6,743.1,315.5
SOUTH INTERIOR KARNATAKA,2011,2.1,12.4,12.4,80.2,83.5,177.1,202.4,199.5,111.2,144.8,56.7,5,1087.4,14.5,176.1,690.2,206.5
SOUTH INTERIOR KARNATAKA,2012,4.6,5.5,8.1,99,45.6,81.8,144.7,236.5,100.6,62.8,82.6,6.2,877.8,10.1,152.6,563.5,151.6
SOUTH INTERIOR KARNATAKA,2013,0.5,10.1,11.7,34.6,95.6,176.2,307.4,151.7,191.8,103.7,24.9,2.4,1110.7,10.6,142,827.1,131
SOUTH INTERIOR KARNATAKA,2014,0.4,2.4,17.7,46.7,130.5,106.8,271.6,254.6,161.6,152.9,20.2,18.7,1184.2,2.8,195,794.5,191.8
SOUTH INTERIOR KARNATAKA,2015,1.7,0.2,24.4,80.5,125.3,218.7,112,136.6,164.5,106.1,138.1,4.4,1112.5,1.9,230.2,631.8,248.6
